iso_code,continent,location,date,day,month,year,total_cases,new_cases,new_cases_smoothed,total_deaths,new_deaths,new_deaths_smoothed,total_cases_per_million,new_cases_per_million,new_cases_smoothed_per_million,total_deaths_per_million,new_deaths_per_million,new_deaths_smoothed_per_million,reproduction_rate,icu_patients,icu_patients_per_million,hosp_patients,hosp_patients_per_million,weekly_icu_admissions,weekly_icu_admissions_per_million,weekly_hosp_admissions,weekly_hosp_admissions_per_million,total_tests,new_tests,total_tests_per_thousand,new_tests_per_thousand,new_tests_smoothed,new_tests_smoothed_per_thousand,positive_rate,tests_per_case,tests_units,total_vaccinations,people_vaccinated,people_fully_vaccinated,total_boosters,new_vaccinations,new_vaccinations_smoothed,total_vaccinations_per_hundred,people_vaccinated_per_hundred,people_fully_vaccinated_per_hundred,total_boosters_per_hundred,new_vaccinations_smoothed_per_million,new_people_vaccinated_smoothed,new_people_vaccinated_smoothed_per_hundred,stringency_index,population,population_density,median_age,aged_65_older,aged_70_older,gdp_per_capita,extreme_poverty,cardiovasc_death_rate,diabetes_prevalence,female_smokers,male_smokers,handwashing_facilities,hospital_beds_per_thousand,life_expectancy,human_development_index
PRK,Asia,North Korea,24/9/2022,24,9,2022,1,0,0,6,0,0,0.039,0,0,0.231,0,0,0,0,0,0,0,0,0,0,0,0,0,0,0,0,0,0,0,0,0,0,0,0,0,0,0,0,0,0,0,0,0,0,25971909,211.701,35.3,9.491,6.139,0,0,321.681,4,0,0,0,13.2,72.27,0
YEM,Asia,Yemen,24/9/2022,24,9,2022,11935,1,0.429,2157,0,0.286,361.868,0.03,0.013,65.4,0,0.009,0,0,0,0,0,0,0,0,0,0,0,0,0,0,0,0,0,0,0,0,0,0,0,0,0,0,0,0,0,0,0,0,32981641,53.508,20.3,2.922,1.583,1479.147,18.8,495.003,5.35,7.6,29.2,49.542,0.7,66.12,0.47
NER,Africa,Niger,24/9/2022,24,9,2022,9395,0,0.143,313,0,0.143,372.039,0,0.006,12.395,0,0.006,0,0,0,0,0,0,0,0,0,0,0,0,0,0,0,0,0,0,0,0,0,0,0,0,0,0,0,0,0,0,0,0,25252722,16.955,15.1,2.553,1.378,926,44.5,238.339,2.42,0.1,15.4,8.978,0.3,62.42,0.394
TCD,Africa,Chad,24/9/2022,24,9,2022,7573,0,1.857,193,0,0,440.81,0,0.108,11.234,0,0,0,0,0,0,0,0,0,0,0,0,0,0,0,0,0,0,0,0,0,0,0,0,0,0,0,0,0,0,0,0,0,0,17179740,11.833,16.7,2.486,1.446,1768.153,38.4,280.995,6.1,0,0,5.818,0,54.24,0.398
TZA,Africa,Tanzania,24/9/2022,24,9,2022,39341,0,12.571,845,0,0,618.683,0,0.198,13.289,0,0,0,0,0,0,0,0,0,0,0,0,0,0,0,0,0,0,0,0,0,0,0,0,0,0,0,0,0,0,0,0,0,0,63588334,64.699,17.7,3.108,1.874,2683.304,49.1,217.288,5.75,3.3,26.7,47.953,0.7,65.46,0.529
CHN,Asia,China,24/9/2022,24,9,2022,985978,831,875.429,5226,0,0,691.481,0.583,0.614,3.665,0,0,0,0,0,0,0,0,0,0,0,0,0,0,0,0,0,0,0,0,0,0,0,0,0,0,0,0,0,0,0,0,0,0,1425893464,147.674,38.7,10.641,5.929,15308.712,0.7,261.899,9.74,1.9,48.4,0,4.34,76.91,0.761
SLE,Africa,Sierra Leone,24/9/2022,24,9,2022,7751,0,0.143,126,0,0,920.476,0,0.017,14.963,0,0,0,0,0,0,0,0,0,0,0,0,0,0,0,0,0,0,0,0,0,0,0,0,0,0,0,0,0,0,0,0,0,0,8420641,104.7,19.1,2.538,1.285,1390.3,52.2,325.721,2.42,8.8,41.3,19.275,0,54.7,0.452
BFA,Africa,Burkina Faso,24/9/2022,24,9,2022,21128,0,0,387,0,0,955.989,0,0,17.511,0,0,0,0,0,0,0,0,0,0,0,0,0,0,0,0,0,0,0,0,0,0,0,0,0,0,0,0,0,0,0,0,0,0,22100683,70.151,17.6,2.409,1.358,1703.102,43.7,269.048,2.42,1.6,23.9,11.877,0.4,61.58,0.452
COD,Africa,Dem. Rep. Congo,24/9/2022,24,9,2022,92852,0,14.429,1442,0,2.857,968.276,0,0.15,15.037,0,0.03,0,0,0,0,0,0,0,0,0,0,0,0,0,0,0,0,0,0,0,0,0,0,0,0,0,0,0,0,0,0,0,0,95894118,35.879,17,3.02,1.745,808.133,77.1,318.949,6.1,0,0,4.472,0,60.68,0.48
MAC,Asia,Macao,24/9/2022,24,9,2022,793,0,0,6,0,0,1154.955,0,0,8.739,0,0,0,0,0,0,0,0,0,0,0,0,0,0,0,0,0,0,0,0,0,0,0,0,0,0,0,0,0,0,0,0,0,0,686607,20546.766,39.2,9.798,4.991,104861.851,0,0,0,0,0,0,0,84.24,0
NGA,Africa,Nigeria,24/9/2022,24,9,2022,265186,96,36.143,3155,0,0,1242.663,0.45,0.169,14.784,0,0,0,0,0,0,0,0,0,0,0,0,0,0,0,0,0,0,0,0,0,0,0,0,0,0,0,0,0,0,0,0,0,0,213401323,209.588,18.1,2.751,1.447,5338.454,0,181.013,2.42,0.6,10.8,41.949,0,54.69,0.539
SHN,Africa,Saint Helena,24/9/2022,24,9,2022,7,0,0,0,0,0,1295.337,0,0,0,0,0,0,0,0,0,0,0,0,0,0,0,0,0,0,0,0,0,0,0,0,0,0,0,0,0,0,0,0,0,0,0,0,0,5404,0,0,0,0,0,0,0,0,0,0,0,0,80.56,0
SDN,Africa,Sudan,24/9/2022,24,9,2022,63285,0,1.429,4961,0,0,1386.09,0,0.031,108.658,0,0,0,0,0,0,0,0,0,0,0,0,0,0,0,0,0,0,0,0,0,0,0,0,0,0,0,0,0,0,0,0,0,0,45657202,23.258,19.7,3.548,2.034,4466.507,0,431.388,15.67,0,0,23.437,0.8,65.31,0.51
MLI,Africa,Mali,24/9/2022,24,9,2022,32601,6,14.857,741,0,0.286,1488.291,0.274,0.678,33.828,0,0.013,0,0,0,0,0,0,0,0,0,0,0,0,0,0,0,0,0,0,0,0,0,0,0,0,0,0,0,0,0,0,0,0,21904983,15.196,16.4,2.519,1.486,2014.306,0,268.024,2.42,1.6,23,52.232,0.1,59.31,0.434
LBR,Africa,Liberia,24/9/2022,24,9,2022,7961,0,4.571,294,0,0,1532.902,0,0.88,56.61,0,0,0,0,0,0,0,0,0,0,0,0,0,0,0,0,0,0,0,0,0,0,0,0,0,0,0,0,0,0,0,0,0,0,5193416,49.127,19.2,3.057,1.756,752.788,38.6,272.509,2.42,1.5,18.1,1.188,0.8,64.1,0.48
SOM,Africa,Somalia,24/9/2022,24,9,2022,27207,0,1.429,1361,0,0,1594.262,0,0.084,79.751,0,0,0,0,0,0,0,0,0,0,0,0,0,0,0,0,0,0,0,0,0,0,0,0,0,0,0,0,0,0,0,0,0,0,17065581,23.5,16.8,2.731,1.496,0,0,365.769,6.05,0,0,9.831,0.9,57.4,0
SSD,Africa,S. Sudan,24/9/2022,24,9,2022,17823,0,0,138,0,0,1658.22,0,0,12.839,0,0,0,0,0,0,0,0,0,0,0,0,0,0,0,0,0,0,0,0,0,0,0,0,0,0,0,0,0,0,0,0,0,0,10748272,0,19.2,3.441,2.032,1569.888,0,280.775,10.43,0,0,0,0,57.85,0.433
TUV,Oceania,Tuvalu,24/9/2022,24,9,2022,20,0,0,0,0,0,1785.077,0,0,0,0,0,0,0,0,0,0,0,0,0,0,0,0,0,0,0,0,0,0,0,0,0,0,0,0,0,0,0,0,0,0,0,0,0,11204,373.067,0,0,0,3575.104,3.3,0,27.25,0,0,0,0,67.57,0
TJK,Asia,Tajikistan,24/9/2022,24,9,2022,17786,0,0,125,0,0,1824.193,0,0,12.82,0,0,0,0,0,0,0,0,0,0,0,0,0,0,0,0,0,0,0,0,0,0,0,0,0,0,0,0,0,0,0,0,0,0,9750064,64.281,23.3,3.466,2.155,2896.913,4.8,427.698,7.11,0,0,72.704,4.8,71.1,0.668
BEN,Africa,Benin,24/9/2022,24,9,2022,27638,0,0,163,0,0,2126.508,0,0,12.541,0,0,0,0,0,0,0,0,0,0,0,0,0,0,0,0,0,0,0,0,0,0,0,0,0,0,0,0,0,0,0,0,0,0,12996895,99.11,18.8,3.244,1.942,2064.236,49.6,235.848,0.99,0.6,12.3,11.035,0.5,61.77,0.545
NIC,North America,Nicaragua,24/9/2022,24,9,2022,15045,0,7.857,245,0,0.143,2196.177,0,1.147,35.764,0,0.021,0,0,0,0,0,0,0,0,0,0,0,0,0,0,0,0,0,0,0,0,0,0,0,0,0,0,0,0,0,0,0,0,6850540,51.667,27.3,5.445,3.519,5321.444,3.2,137.016,11.47,0,0,0,0.9,74.48,0.66
MDG,Africa,Madagascar,24/9/2022,24,9,2022,66660,0,1.143,1410,0,0,2305.326,0,0.04,48.763,0,0,0,0,0,0,0,0,0,0,0,0,0,0,0,0,0,0,0,0,0,0,0,0,0,0,0,0,0,0,0,0,0,0,28915653,43.951,19.6,2.929,1.686,1416.44,77.6,405.994,3.94,0,0,50.54,0.2,67.04,0.528
SYR,Asia,Syria,24/9/2022,24,9,2022,57265,0,7.714,3163,0,0,2685.426,0,0.362,148.328,0,0,0,0,0,0,0,0,0,0,0,0,0,0,0,0,0,0,0,0,0,0,0,0,0,0,0,0,0,0,0,0,0,0,21324367,0,21.7,0,2.577,0,0,376.264,0,0,0,70.598,1.5,72.7,0.567
CAF,Africa,Central African Rep.,24/9/2022,24,9,2022,14904,0,0,113,0,0,2731.094,0,0,20.707,0,0,0,0,0,0,0,0,0,0,0,0,0,0,0,0,0,0,0,0,0,0,0,0,0,0,0,0,0,0,0,0,0,0,5457154,7.479,18.3,3.655,2.251,661.24,0,435.727,6.1,0,0,16.603,1,53.28,0.397
GIN,Africa,Guinea-Bissau,24/9/2022,24,9,2022,37652,0,0,449,0,0,2782.461,0,0,33.181,0,0,0,0,0,0,0,0,0,0,0,0,0,0,0,0,0,0,0,0,0,0,0,0,0,0,0,0,0,0,0,0,0,0,13531906,51.755,19,3.135,1.733,1998.926,35.3,336.717,2.42,0,0,17.45,0.3,61.6,0.477
ERI,Africa,Eritrea,24/9/2022,24,9,2022,10168,0,0.571,103,0,0,2808.598,0,0.158,28.451,0,0,0,0,0,0,0,0,0,0,0,0,0,0,0,0,0,0,0,0,0,0,0,0,0,0,0,0,0,0,0,0,0,0,3620312,44.304,19.3,3.607,2.171,1510.459,0,311.11,6.05,0.2,11.4,0,0.7,66.32,0.459
HTI,North America,Haiti,24/9/2022,24,9,2022,33733,0,1.714,857,0,0,2946.739,0,0.15,74.863,0,0,0,0,0,0,0,0,0,0,0,0,0,0,0,0,0,0,0,0,0,0,0,0,0,0,0,0,0,0,0,0,0,0,11447569,398.448,24.3,4.8,2.954,1653.173,23.5,430.548,6.65,2.9,23.1,22.863,0.7,64,0.51
AGO,Africa,Angola,24/9/2022,24,9,2022,103131,0,0,1917,0,0,2988.977,0,0,55.559,0,0,0,0,0,0,0,0,0,0,0,0,0,0,0,0,0,0,0,0,0,0,0,0,0,0,0,0,0,0,0,0,0,0,34503774,23.89,16.8,2.405,1.362,5819.495,0,276.045,3.94,0,0,26.664,0,61.15,0.581
CIV,Africa,Cote d'Ivoire,24/9/2022,24,9,2022,87129,6,17.143,823,0,0.143,3170.835,0.218,0.624,29.951,0,0.005,0,0,0,0,0,0,0,0,0,0,0,0,0,0,0,0,0,0,0,0,0,0,0,0,0,0,0,0,0,0,0,0,27478249,76.399,18.7,2.933,1.582,3601.006,28.2,303.74,2.42,0,0,19.351,0,57.78,0.538
UGA,Africa,Uganda,24/9/2022,24,9,2022,169396,0,0,3630,0,0.286,3694.265,0,0,79.165,0,0.006,0,0,0,0,0,0,0,0,0,0,0,0,0,0,0,0,0,0,0,0,0,0,0,0,0,0,0,0,0,0,0,0,45853778,213.759,16.4,2.168,1.308,1697.707,41.6,213.333,2.5,3.4,16.7,21.222,0.5,63.37,0.544
BDI,Africa,Burundi,24/9/2022,24,9,2022,50066,0,26.286,38,0,0,3988.937,0,2.094,3.028,0,0,0,0,0,0,0,0,0,0,0,0,0,0,0,0,0,0,0,0,0,0,0,0,0,0,0,0,0,0,0,0,0,0,12551213,423.062,17.5,2.562,1.504,702.225,71.7,293.068,6.05,0,0,6.144,0.8,61.58,0.433
ETH,Africa,Ethiopia,24/9/2022,24,9,2022,493505,7,10.857,7572,0,0,4102.865,0.058,0.09,62.952,0,0,0,0,0,0,0,0,0,0,0,0,0,0,0,0,0,0,0,0,0,0,0,0,0,0,0,0,0,0,0,0,0,0,120283026,104.957,19.8,3.526,2.063,1729.927,26.7,182.634,7.47,0.4,8.5,7.96,0.3,66.6,0.485
COG,Africa,Congo,24/9/2022,24,9,2022,24837,0,0,386,0,0,4255.967,0,0,66.143,0,0,0,0,0,0,0,0,0,0,0,0,0,0,0,0,0,0,0,0,0,0,0,0,0,0,0,0,0,0,0,0,0,0,5835806,15.405,19,3.402,2.063,4881.406,37,344.094,7.2,1.7,52.3,47.964,0,64.57,0.574
MWI,Africa,Malawi,24/9/2022,24,9,2022,88005,0,4.714,2680,0,0,4424.643,0,0.237,134.743,0,0,0,0,0,0,0,0,0,0,0,0,0,0,0,0,0,0,0,0,0,0,0,0,0,0,0,0,0,0,0,0,0,0,19889742,197.519,18.1,2.979,1.783,1095.042,71.4,227.349,3.94,4.4,24.7,8.704,1.3,64.26,0.483
CMR,Africa,Cameroon,24/9/2022,24,9,2022,121652,0,0,1935,0,0,4472.726,0,0,71.143,0,0,0,0,0,0,0,0,0,0,0,0,0,0,0,0,0,0,0,0,0,0,0,0,0,0,0,0,0,0,0,0,0,0,27198628,50.885,18.8,3.165,1.919,3364.926,23.8,244.661,7.2,0,0,2.735,1.3,59.29,0.563
TGO,Africa,Togo,24/9/2022,24,9,2022,38925,24,26.286,284,0,0,4502.692,2.776,3.041,32.852,0,0,0,0,0,0,0,0,0,0,0,0,0,0,0,0,0,0,0,0,0,0,0,0,0,0,0,0,0,0,0,0,0,0,8644829,143.366,19.4,2.839,1.525,1429.813,49.2,280.033,6.15,0.9,14.2,10.475,0.7,61.04,0.515
PNG,Oceania,Papua New Guinea,24/9/2022,24,9,2022,44959,0,4,664,0,0,4518.748,0,0.402,66.737,0,0,0,0,0,0,0,0,0,0,0,0,0,0,0,0,0,0,0,0,0,0,0,0,0,0,0,0,0,0,0,0,0,0,9949437,18.22,22.6,3.808,2.142,3823.194,0,561.494,17.65,23.5,48.8,0,0,64.5,0.555
EGY,Africa,Egypt,24/9/2022,24,9,2022,515645,0,0,24797,0,0.143,4719.337,0,0,226.95,0,0.001,0,0,0,0,0,0,0,0,0,0,0,0,0,0,0,0,0,0,0,0,0,0,0,0,0,0,0,0,0,0,0,0,109262178,97.999,25.3,5.159,2.891,10550.206,1.3,525.432,17.31,0.2,50.1,89.827,1.6,71.99,0.707
GMB,Africa,Gambia,24/9/2022,24,9,2022,12508,0,0,372,0,0,4738.03,0,0,140.914,0,0,0,0,0,0,0,0,0,0,0,0,0,0,0,0,0,0,0,0,0,0,0,0,0,0,0,0,0,0,0,0,0,0,2639916,207.566,17.5,2.339,1.417,1561.767,10.1,331.43,1.91,0.7,31.2,7.876,1.1,62.05,0.496
AFG,Asia,Afghanistan,24/9/2022,24,9,2022,198244,81,168.286,7796,0,0.286,4943.807,2.02,4.197,194.417,0,0.007,0,0,0,0,0,0,0,0,0,0,0,0,0,0,0,0,0,0,0,0,0,0,0,0,0,0,0,0,0,0,0,0,40099462,54.422,18.6,2.581,1.337,1803.987,0,597.029,9.59,0,0,37.746,0.5,64.83,0.511
GHA,Africa,Ghana,24/9/2022,24,9,2022,168813,0,0,1459,0,0,5141.56,0,0,44.437,0,0,0,0,0,0,0,0,0,0,0,0,0,0,0,0,0,0,0,0,0,0,0,0,0,0,0,0,0,0,0,0,0,0,32833031,126.719,21.1,3.385,1.948,4227.63,12,298.245,4.97,0.3,7.7,41.047,0.9,64.07,0.611
SEN,Africa,Senegal,24/9/2022,24,9,2022,88324,0,13.429,1968,0,0,5233.481,0,0.796,116.61,0,0,0,0,0,0,0,0,0,0,0,0,0,0,0,0,0,0,0,0,0,0,0,0,0,0,0,0,0,0,0,0,0,0,16876720,82.328,18.7,3.008,1.796,2470.58,38,241.219,2.42,0.4,16.6,20.859,0,67.94,0.512
DZA,Africa,Algeria,24/9/2022,24,9,2022,270637,6,4.429,6879,0,0,6126.063,0.136,0.1,155.711,0,0,0,0,0,0,0,0,0,0,0,0,0,0,0,0,0,0,0,0,0,0,0,0,0,0,0,0,0,0,0,0,0,0,44177969,17.348,29.1,6.211,3.857,13913.839,0.5,278.364,6.73,0.7,30.4,83.741,1.9,76.88,0.748
KEN,Africa,Kenya,24/9/2022,24,9,2022,338389,10,8.143,5675,0,0,6384.022,0.189,0.154,107.064,0,0,0,0,0,0,0,0,0,0,0,0,0,0,0,0,0,0,0,0,0,0,0,0,0,0,0,0,0,0,0,0,0,0,53005614,87.324,20,2.686,1.528,2993.028,36.8,218.637,2.92,1.2,20.4,24.651,1.4,66.7,0.601
PAK,Asia,Pakistan,24/9/2022,24,9,2022,1572269,0,0,30612,0,1,6794.532,0,0,132.289,0,0.004,0,0,0,0,0,0,0,0,0,0,0,0,0,0,0,0,0,0,296111530,139356535,131619868,43603347,159942,137929,127.96,60.22,56.88,18.84,596,8763,0.004,0,231402116,255.573,23.5,4.495,2.78,5034.708,4,423.031,8.35,2.8,36.7,59.607,0.6,67.27,0.557
UZB,Asia,Uzbekistan,24/9/2022,24,9,2022,244120,0,13.857,1637,0,0,7162.841,0,0.407,48.032,0,0,0,0,0,0,0,0,0,0,0,0,0,0,0,0,0,0,0,0,0,0,0,0,0,0,0,0,0,0,0,0,0,0,34081449,76.134,28.2,4.469,2.873,6253.104,0,724.417,7.57,1.3,24.7,0,4,71.72,0.72
MOZ,Africa,Mozambique,24/9/2022,24,9,2022,230219,0,0,2222,0,0,7177.058,0,0,69.271,0,0,0,0,0,0,0,0,0,0,0,0,0,0,0,0,0,0,0,0,0,0,0,0,0,0,0,0,0,0,0,0,0,0,32077072,37.728,17.7,3.158,1.87,1136.103,62.9,329.942,3.3,5.1,29.1,12.227,0.7,60.85,0.456
KHM,Asia,Cambodia,24/9/2022,24,9,2022,137833,6,11.143,3056,0,0,8308.687,0.362,0.672,184.218,0,0,0,0,0,0,0,0,0,0,0,0,0,0,0,0,0,0,0,0,0,0,0,0,0,0,0,0,0,0,0,0,0,0,16589023,90.672,25.6,4.412,2.385,3645.07,0,270.892,4,2,33.7,66.229,0.8,69.82,0.594
OWID_AFR,,Africa,24/9/2022,24,9,2022,12348495,209,531.714,256726,0,8.429,8868.533,0.15,0.382,184.377,0,0.006,0,0,0,0,0,0,0,0,0,0,0,0,0,0,0,0,0,0,633527926,397022872,314083877,49596536,0,0,45.5,28.51,22.56,3.56,0,0,0,0,1392394303,0,0,0,0,0,0,0,0,0,0,0,0,0,0
RWA,Africa,Rwanda,24/9/2022,24,9,2022,132521,0,5.429,1466,0,0,9844.162,0,0.403,108.9,0,0,0,0,0,0,0,0,0,0,0,0,0,0,0,0,0,0,0,0,0,0,0,0,0,0,0,0,0,0,0,0,0,0,13461888,494.869,20.3,2.974,1.642,1854.211,56,191.375,4.28,4.7,21,4.617,0,69.02,0.543
COM,Africa,Comoros,24/9/2022,24,9,2022,8471,0,0.571,161,0,0,10310.044,0,0.695,195.953,0,0,0,0,0,0,0,0,0,0,0,0,0,0,0,0,0,0,0,0,0,0,0,0,0,0,0,0,0,0,0,0,0,0,821626,437.352,20.4,2.963,1.726,1413.89,18.1,261.516,11.88,4.4,23.6,15.574,2.2,64.32,0.554
GNQ,Africa,Eq. Guinea,24/9/2022,24,9,2022,17009,0,2.571,183,0,0,10406.457,0,1.573,111.963,0,0,0,0,0,0,0,0,0,0,0,0,0,0,0,0,0,0,0,0,0,0,0,0,0,0,0,0,0,0,0,0,0,0,1634466,45.194,22.4,2.846,1.752,22604.873,0,202.812,7.78,0,0,24.64,2.1,58.74,0.592
MMR,Asia,Myanmar,24/9/2022,24,9,2022,621124,380,351.429,19455,2,1.571,11545.467,7.063,6.532,361.63,0.037,0.029,0,0,0,0,0,0,0,0,0,0,0,0,0,0,0,0,0,0,0,0,0,0,0,0,0,0,0,0,0,0,0,0,53798084,81.721,29.1,5.732,3.12,5591.597,6.4,202.104,4.61,6.3,35.2,79.287,0.9,67.13,0.583
BGD,Asia,Bangladesh,24/9/2022,24,9,2022,2021118,350,575.857,29351,4,1.714,11934.121,2.067,3.4,173.309,0.024,0.01,0,0,0,0,0,0,0,0,0,0,0,0,0,0,0,0,0,0,298301183,131656861,121697591,45372841,0,116426,176.14,77.74,71.86,26.79,687,21677,0.013,0,169356251,1265.036,27.5,5.098,3.262,3523.984,14.8,298.003,8.38,1,44.7,34.808,0.8,72.59,0.632
MRT,Africa,Mauritania,24/9/2022,24,9,2022,62791,2,1.286,994,0,0,13605.927,0.433,0.279,215.386,0,0,0,0,0,0,0,0,0,0,0,0,0,0,0,0,0,0,0,0,0,0,0,0,0,0,0,0,0,0,0,0,0,0,4614974,4.289,20.3,3.138,1.792,3597.633,6,232.347,2.42,0,0,15.95,0,64.92,0.546
DJI,Africa,Djibouti,24/9/2022,24,9,2022,15690,0,0,189,0,0,14191.941,0,0,170.955,0,0,0,0,0,0,0,0,0,0,0,0,0,0,0,0,0,0,0,0,0,0,0,0,0,0,0,0,0,0,0,0,0,0,1105557,41.285,25.4,4.213,2.38,2705.406,22.5,258.037,6.05,1.7,24.5,0,1.4,67.11,0.524
LSO,Africa,Lesotho,24/9/2022,24,9,2022,34490,0,0,706,0,0,15117.552,0,0,309.452,0,0,0,0,0,0,0,0,0,0,0,0,0,0,0,0,0,0,0,0,0,0,0,0,0,0,0,0,0,0,0,0,0,0,2281454,73.562,22.2,4.506,2.647,2851.153,59.6,405.126,3.94,0.4,53.9,2.117,0,54.33,0.527
ZWE,Africa,Zimbabwe,24/9/2022,24,9,2022,257318,29,47.143,5599,0,0.143,16088.887,1.813,2.948,350.079,0,0.009,0,0,0,0,0,0,0,0,0,0,0,0,0,0,0,0,0,0,0,0,0,0,0,0,0,0,0,0,0,0,0,0,15993524,42.729,19.6,2.822,1.882,1899.775,21.4,307.846,1.82,1.6,30.7,36.791,1.7,61.49,0.571
ZMB,Africa,Zambia,24/9/2022,24,9,2022,333439,0,9.143,4017,0,0,17123.035,0,0.47,206.284,0,0,0,0,0,0,0,0,0,0,0,0,0,0,0,0,0,0,0,0,0,0,0,0,0,0,0,0,0,0,0,0,0,0,19473125,22.995,17.7,2.48,1.542,3689.251,57.5,234.499,3.94,3.1,24.7,13.938,2,63.89,0.584
TLS,Asia,Timor-Leste,24/9/2022,24,9,2022,23248,0,1.286,138,0,0,17599.562,0,0.973,104.471,0,0,0,0,0,0,0,0,0,0,0,0,0,0,0,0,0,0,0,0,0,0,0,0,0,0,0,0,0,0,0,0,0,0,1320942,87.176,18,3.556,1.897,6570.102,30.3,335.346,6.86,6.3,78.1,28.178,5.9,69.5,0.606
VEN,South America,Venezuela,24/9/2022,24,9,2022,544450,95,51.429,5814,0,0.714,19306.829,3.369,1.824,206.171,0,0.025,0,0,0,0,0,0,0,0,0,0,0,0,0,0,0,0,0,0,0,0,0,0,0,0,0,0,0,0,0,0,0,0,28199866,36.253,29,6.614,3.915,16745.022,0,204.85,6.47,0,0,0,0.8,72.06,0.711
GAB,Africa,Gabon,24/9/2022,24,9,2022,48691,0,3.286,306,0,0,20797.641,0,1.403,130.703,0,0,0,0,0,0,0,0,0,0,0,0,0,0,0,0,0,0,0,0,0,0,0,0,0,0,0,0,0,0,0,0,0,0,2341179,7.859,23.1,4.45,2.976,16562.413,3.4,259.967,7.2,0,0,0,6.3,66.47,0.703
SAU,Asia,Saudi Arabia,24/9/2022,24,9,2022,815743,57,92.286,9341,1,1.571,22690.793,1.586,2.567,259.83,0.028,0.044,0,0,0,0,0,0,0,0,0,0,0,0,0,0,0,0,0,0,0,0,0,0,0,0,0,0,0,0,0,0,0,0,35950396,15.322,31.9,3.295,1.845,49045.411,0,259.538,17.72,1.8,25.4,0,2.7,75.13,0.854
IDN,Asia,Indonesia,24/9/2022,24,9,2022,6421118,1724,1999.286,157998,12,16.286,23455.865,6.298,7.303,577.155,0.044,0.059,0,0,0,0,0,0,0,0,0,0,0,0,0,0,0,0,0,0,0,0,0,0,0,0,0,0,0,0,0,0,0,0,273753191,145.725,29.3,5.319,3.053,11188.744,5.7,342.864,6.32,2.8,76.1,64.204,1.04,71.72,0.718
KIR,Oceania,Kiribati,24/9/2022,24,9,2022,3430,0,0,13,0,0,26615.143,0,0,100.874,0,0,0,0,0,0,0,0,0,0,0,0,0,0,0,0,0,0,0,0,0,0,0,0,0,0,0,0,0,0,0,0,0,0,128874,143.701,23.2,3.895,2.21,1981.132,0,434.657,22.66,35.9,58.9,0,1.9,68.37,0.63
STP,Africa,Sao Tome and Principe,24/9/2022,24,9,2022,6209,0,2.286,77,0,0.143,27829.696,0,10.245,345.126,0,0.64,0,0,0,0,0,0,0,0,0,0,0,0,0,0,0,0,0,0,0,0,0,0,0,0,0,0,0,0,0,0,0,0,223107,212.841,18.7,2.886,2.162,3052.714,32.3,270.113,2.42,0,0,41.34,2.9,70.39,0.625
LAO,Asia,Laos,24/9/2022,24,9,2022,215714,23,46.143,758,0,0.143,29052.164,3.098,6.214,102.087,0,0.019,0,0,0,0,0,0,0,0,0,0,0,0,0,0,0,0,0,0,0,0,0,0,0,0,0,0,0,0,0,0,0,0,7425058,29.715,24.4,4.029,2.322,6397.36,22.7,368.111,4,7.3,51.2,49.839,1.5,67.92,0.613
SLB,Oceania,Solomon Is.,24/9/2022,24,9,2022,21544,0,0,153,0,0,30435.784,0,0,216.147,0,0,0,0,0,0,0,0,0,0,0,0,0,0,0,0,0,0,0,0,0,0,0,0,0,0,0,0,0,0,0,0,0,0,707851,21.841,20.8,3.507,2.043,2205.923,25.1,459.78,18.68,0,0,35.89,1.4,73,0.567
LKA,Asia,Sri Lanka,24/9/2022,24,9,2022,670694,9,15.857,16754,1,1.429,30803.308,0.413,0.728,769.47,0.046,0.066,0,0,0,0,0,0,0,0,0,0,0,0,0,0,0,0,0,0,0,0,0,0,0,0,0,0,0,0,0,0,0,0,21773441,341.955,34.1,10.069,5.331,11669.077,0.7,197.093,10.68,0.3,27,0,3.6,76.98,0.782
KGZ,Asia,Kyrgyzstan,24/9/2022,24,9,2022,205998,0,11.143,2991,0,0,31557.309,0,1.707,458.198,0,0,0,0,0,0,0,0,0,0,0,0,0,0,0,0,0,0,0,0,3244938,1599514,1338229,0,439,1517,49.71,24.5,20.5,0,232,490,0.008,0,6527743,32.333,26.3,4.489,2.882,3393.474,1.4,436.362,7.11,3.6,50.5,89.22,4.5,71.45,0.697
IND,Asia,India,24/9/2022,24,9,2022,44568114,4777,4846.571,528510,23,24.714,31663.298,3.394,3.443,375.479,0.016,0.018,0,0,0,0,0,0,0,0,0,0,0,0,0,0,0,0,0,0,2174341590,1026106833,947414286,200820471,1526367,1420663,154.48,72.9,67.31,14.27,1009,48888,0.003,0,1407563842,450.419,28.2,5.989,3.414,6426.674,21.2,282.28,10.39,1.9,20.6,59.55,0.53,69.66,0.645
SLV,North America,El Salvador,24/9/2022,24,9,2022,201785,0,0,4229,0,0.143,31957.501,0,0,669.764,0,0.023,0,0,0,0,0,0,0,0,0,0,0,0,0,0,0,0,0,0,0,0,0,0,0,0,0,0,0,0,0,0,0,0,6314167,307.811,27.6,8.273,5.417,7292.458,2.2,167.295,8.87,2.5,18.8,90.65,1.3,73.32,0.673
NPL,Asia,Nepal,24/9/2022,24,9,2022,999535,29,45.571,12017,1,0.143,33279.02,0.966,1.517,400.1,0.033,0.005,0,0,0,0,0,0,0,0,0,0,0,0,0,0,0,0,0,0,0,0,0,0,0,0,0,0,0,0,0,0,0,0,30034989,204.43,25,5.809,3.212,2442.804,15,260.797,7.26,9.5,37.8,47.782,0.3,70.78,0.602
MAR,Africa,Morocco,24/9/2022,24,9,2022,1264872,22,15.714,16278,0,0.143,34115.117,0.593,0.424,439.037,0,0.004,0,0,0,0,0,0,0,0,0,0,0,0,0,0,0,0,0,0,0,0,0,0,0,0,0,0,0,0,0,0,0,0,37076584,80.08,29.6,6.769,4.209,7485.013,1,419.146,7.14,0.8,47.1,0,1.1,76.68,0.686
PHL,Asia,Philippines,24/9/2022,24,9,2022,3934778,2623,2349.857,62759,29,35,34551.867,23.033,20.634,551.096,0.255,0.307,0,0,0,0,0,0,0,0,0,0,0,0,0,0,0,0,0,0,0,0,0,0,0,0,0,0,0,0,0,0,0,0,113880328,351.873,25.2,4.803,2.661,7599.188,0,370.437,7.07,7.8,40.8,78.463,1,71.23,0.718
VUT,Oceania,Vanuatu,24/9/2022,24,9,2022,11950,0,1.857,14,0,0,37444.851,0,5.819,43.868,0,0,0,0,0,0,0,0,0,0,0,0,0,0,0,0,0,0,0,0,0,0,0,0,0,0,0,0,0,0,0,0,0,0,319136,22.662,23.1,4.394,2.62,2921.909,13.2,546.3,12.02,2.8,34.5,25.209,0,70.47,0.609
HND,North America,Honduras,24/9/2022,24,9,2022,456106,0,38.571,10992,0,0,44375.428,0,3.753,1069.433,0,0,0,0,0,0,0,0,0,0,0,0,0,0,0,0,0,0,0,0,0,0,0,0,0,0,0,0,0,0,0,0,0,0,10278346,82.805,24.9,4.652,2.883,4541.795,16,240.208,7.21,2,0,84.169,0.7,75.27,0.634
JAM,North America,Jamaica,24/9/2022,24,9,2022,151594,52,53.286,3306,2,2.286,53610.468,18.39,18.844,1169.151,0.707,0.808,0,0,0,0,0,0,0,0,0,0,0,0,0,0,0,0,0,0,1490262,832797,731689,44615,339,291,52.7,29.45,25.88,1.58,103,187,0.007,0,2827694,266.879,31.4,9.684,6.39,8193.571,0,206.537,11.28,5.3,28.6,66.425,1.7,74.47,0.734
MEX,North America,Mexico,24/9/2022,24,9,2022,7081747,1595,1711.857,330043,26,21.143,55891.554,12.588,13.511,2604.811,0.205,0.167,0,0,0,0,0,0,0,0,0,0,0,0,0,0,0,0,0,0,0,0,0,0,0,0,0,0,0,0,0,0,0,0,126705138,66.444,29.3,6.857,4.321,17336.469,2.5,152.783,13.06,6.9,21.4,87.847,1.38,75.05,0.779
ECU,South America,Ecuador,24/9/2022,24,9,2022,1002057,0,0,35887,0,0.286,56302.495,0,0,2016.38,0,0.016,0,0,0,0,0,0,0,0,0,0,0,0,0,0,0,0,0,0,0,0,0,0,0,0,0,0,0,0,0,0,0,0,17797737,66.939,28.1,7.104,4.458,10581.936,3.6,140.448,5.55,2,12.3,80.635,1.5,77.01,0.759
IRQ,Asia,Iraq,24/9/2022,24,9,2022,2459249,0,105.714,25352,0,0.571,56490.836,0,2.428,582.355,0,0.013,0,0,0,0,0,0,0,0,0,0,0,0,0,0,0,0,0,0,0,0,0,0,0,0,0,0,0,0,0,0,0,0,43533592,88.125,20,3.186,1.957,15663.986,2.5,218.612,8.83,0,0,94.576,1.4,70.6,0.674
VAT,Europe,Vatican,24/9/2022,24,9,2022,29,0,0,0,0,0,56751.468,0,0,0,0,0,0,0,0,0,0,0,0,0,0,0,0,0,0,0,0,0,0,0,0,0,0,0,0,0,0,0,0,0,0,0,0,0,511,0,0,0,0,0,0,0,0,0,0,0,0,75.12,0
DOM,North America,Dominican Rep.,24/9/2022,24,9,2022,644356,0,0,4384,0,0,57956.764,0,0,394.32,0,0,0,0,0,0,0,0,0,0,0,0,0,0,0,0,0,0,0,0,0,0,0,0,0,0,0,0,0,0,0,0,0,0,11117874,222.873,27.6,6.981,4.419,14600.861,1.6,266.653,8.2,8.5,19.1,55.182,1.6,74.08,0.756
SWZ,Africa,eSwatini,24/9/2022,24,9,2022,73379,0,0.714,1422,0,0,61545.571,0,0.599,1192.682,0,0,0,0,0,0,0,0,0,0,0,0,0,0,0,0,0,0,0,0,0,0,0,0,0,0,0,0,0,0,0,0,0,0,1192271,79.492,21.5,3.163,1.845,7738.975,0,333.436,3.94,1.7,16.5,24.097,2.1,60.19,0.611
GTM,North America,Guatemala,24/9/2022,24,9,2022,1119984,707,724.429,19757,9,7.286,63604.798,40.151,41.141,1122.016,0.511,0.414,0,0,0,0,0,0,0,0,0,0,0,0,0,0,0,0,0,0,0,0,0,0,0,0,0,0,0,0,0,0,0,0,17608483,157.834,22.9,4.694,3.016,7423.808,8.7,155.898,10.18,0,0,76.665,0.6,74.3,0.663
THA,Asia,Thailand,24/9/2022,24,9,2022,4678352,655,709.286,32718,12,12.714,65339.105,9.148,9.906,456.948,0.168,0.178,0,0,0,0,0,0,0,0,0,0,0,0,0,0,0,0,0,0,142509376,56994434,53466847,32048095,15386,18572,199.03,79.6,74.67,44.76,259,1925,0.003,0,71601103,135.132,40.1,11.373,6.89,16277.671,0.1,109.861,7.04,1.9,38.8,90.67,2.1,77.15,0.777
WLF,Oceania,Wallis and Futuna,24/9/2022,24,9,2022,761,0,0,7,0,0,65451.105,0,0,602.047,0,0,0,0,0,0,0,0,0,0,0,0,0,0,0,0,0,0,0,0,0,0,0,0,0,0,0,0,0,0,0,0,0,0,11627,0,0,0,0,0,0,0,0,0,0,0,0,79.94,0
NAM,Africa,Namibia,24/9/2022,24,9,2022,169253,0,0,4080,0,0.429,66894.426,0,0,1612.552,0,0.169,0,0,0,0,0,0,0,0,0,0,0,0,0,0,0,0,0,0,0,0,0,0,0,0,0,0,0,0,0,0,0,0,2530151,3.078,22,3.552,2.085,9541.808,13.4,243.811,3.94,9.7,34.2,44.6,0,63.71,0.646
ZAF,Africa,South Africa,24/9/2022,24,9,2022,4017163,0,0,102169,0,0,67637.826,0,0,1720.241,0,0,0,0,0,0,0,0,0,0,0,0,0,0,0,0,0,0,0,0,37612482,22318556,19388209,3729617,5121,5198,63.33,37.58,32.64,6.28,88,2196,0.004,0,59392255,46.754,27.3,5.344,3.053,12294.876,18.9,200.38,5.52,8.1,33.2,43.993,2.32,64.13,0.709
WSM,Oceania,Samoa,24/9/2022,24,9,2022,15925,0,5.143,29,0,0,72795.341,0,23.509,132.563,0,0,0,0,0,0,0,0,0,0,0,0,0,0,0,0,0,0,0,0,0,0,0,0,0,0,0,0,0,0,0,0,0,0,218764,69.413,22,5.606,3.564,6021.557,0,348.977,9.21,16.7,38.1,0,0,73.32,0.715
FJI,Oceania,Fiji,24/9/2022,24,9,2022,68234,0,1.571,878,0,0,73797.601,0,1.7,949.59,0,0,0,0,0,0,0,0,0,0,0,0,0,0,0,0,0,0,0,0,0,0,0,0,0,0,0,0,0,0,0,0,0,0,924610,49.562,28.6,6.224,3.284,8702.975,1.4,412.82,14.49,10.2,34.8,0,2.3,67.44,0.743
LBY,Africa,Libya,24/9/2022,24,9,2022,506954,0,4.571,6437,0,0,75268.471,0,0.679,955.714,0,0,0,0,0,0,0,0,0,0,0,0,0,0,0,0,0,0,0,0,0,0,0,0,0,0,0,0,0,0,0,0,0,0,6735277,3.623,29,4.424,2.816,17881.509,0,341.862,10.43,0,0,0,3.7,72.91,0.724
KAZ,Asia,Kazakhstan,24/9/2022,24,9,2022,1483024,0,0,19048,0,0,77255.057,0,0,992.266,0,0,0,0,0,0,0,0,0,0,0,0,0,0,0,0,0,0,0,0,0,0,0,0,0,0,0,0,0,0,0,0,0,0,19196465,6.681,30.6,6.991,4.625,24055.588,0.1,466.792,7.11,7,43.1,98.999,6.7,73.6,0.825
OWID_WRL,,World,24/9/2022,24,9,2022,614776623,262296,449243,6536187,741,1518.429,77728.37,33.163,56.799,826.393,0.094,0.192,0,0,0,0,0,0,0,0,0,0,0,0,0,0,0,0,0,0,12704400616,5371707502,4942244475,2505813444,0,0,160.63,67.92,62.49,31.68,0,0,0,0,7909295152,58.045,30.9,8.696,5.355,15469.207,10,233.07,8.51,6.434,34.635,60.13,2.705,72.58,0.737
BTN,Asia,Bhutan,24/9/2022,24,9,2022,61730,0,0,21,0,0,79396.928,0,0,27.01,0,0,0,0,0,0,0,0,0,0,0,0,0,0,0,0,0,0,0,0,0,0,0,0,0,0,0,0,0,0,0,0,0,0,777486,21.188,28.6,4.885,2.977,8708.597,1.5,217.066,9.75,0,0,79.807,1.7,71.78,0.654
AZE,Asia,Azerbaijan,24/9/2022,24,9,2022,820662,149,189.143,9903,1,2.714,79575.549,14.448,18.34,960.245,0.097,0.263,0,0,0,0,0,0,0,0,0,0,0,0,0,0,0,0,0,0,0,0,0,0,0,0,0,0,0,0,0,0,0,0,10312992,119.309,32.4,6.018,3.871,15847.419,0,559.812,7.11,0.3,42.5,83.241,4.7,73,0.756
IRN,Asia,Iran,24/9/2022,24,9,2022,7546673,397,591.429,144382,15,13.571,85832.33,4.515,6.727,1642.133,0.171,0.154,0,0,0,0,0,0,0,0,0,0,0,0,0,0,0,0,0,0,0,0,0,0,0,0,0,0,0,0,0,0,0,0,87923432,49.831,32.4,5.44,3.182,19082.62,0.2,270.308,9.59,0.8,21.1,0,1.5,76.68,0.783
OMN,Asia,Oman,24/9/2022,24,9,2022,397993,0,0,4628,0,0,88042.374,0,0,1023.787,0,0,0,0,0,0,0,0,0,0,0,0,0,0,0,0,0,0,0,0,0,0,0,0,0,0,0,0,0,0,0,0,0,0,4520471,14.98,30.7,2.355,1.53,37960.709,0,266.342,12.61,0.5,15.6,97.4,1.6,77.86,0.813
GUY,South America,Guyana,24/9/2022,24,9,2022,71312,1,8.714,1281,0,0,88634.011,1.243,10.831,1592.161,0,0,0,0,0,0,0,0,0,0,0,0,0,0,0,0,0,0,0,0,0,0,0,0,0,0,0,0,0,0,0,0,0,0,804567,3.952,26.3,5.305,2.837,7435.047,0,373.159,11.62,0,0,77.159,1.6,69.91,0.682
FSM,Oceania,Micronesia (country),24/9/2022,24,9,2022,10057,0,6.714,31,0,0.143,88896.942,0,59.35,274.019,0,1.263,0,0,0,0,0,0,0,0,0,0,0,0,0,0,0,0,0,0,0,0,0,0,0,0,0,0,0,0,0,0,0,0,113131,150.777,23,4.81,2.392,3299.464,16,454.343,12.02,0,0,0,0,67.88,0.62
VCT,North America,Saint Vincent and the Grenadines,24/9/2022,24,9,2022,9448,0,0.286,116,0,0,90557.068,0,2.739,1111.835,0,0,0,0,0,0,0,0,0,0,0,0,0,0,0,0,0,0,0,0,0,0,0,0,0,0,0,0,0,0,0,0,0,0,104332,281.787,31.8,7.724,4.832,10727.146,0,252.675,11.62,0,0,0,2.6,72.53,0.738
BHS,North America,Bahamas,24/9/2022,24,9,2022,37267,9,11.429,833,0,0,91361.735,22.064,28.018,2042.137,0,0,0,0,0,0,0,0,0,0,0,0,0,0,0,0,0,0,0,0,0,0,0,0,0,0,0,0,0,0,0,0,0,0,407906,39.497,34.3,8.996,5.2,27717.847,0,235.954,13.17,3.1,20.4,0,2.9,73.92,0.814
BOL,South America,Bolivia,24/9/2022,24,9,2022,1107782,93,104.714,22232,3,0.714,91707.816,7.699,8.669,1840.478,0.248,0.059,0,0,0,0,0,0,0,0,0,0,0,0,0,0,0,0,0,0,0,0,0,0,0,0,0,0,0,0,0,0,0,0,12079472,10.202,25.4,6.704,4.393,6885.829,7.1,204.299,6.89,0,0,25.383,1.1,71.51,0.718
TUN,Africa,Tunisia,24/9/2022,24,9,2022,1145345,0,0,29246,0,0.429,93398.846,0,0,2384.908,0,0.035,0,0,0,0,0,0,0,0,0,0,0,0,0,0,0,0,0,0,0,0,0,0,0,0,0,0,0,0,0,0,0,0,12262946,74.228,32.7,8.001,5.075,10849.297,2,318.991,8.52,1.1,65.8,78.687,2.3,76.7,0.74
CUB,North America,Cuba,24/9/2022,24,9,2022,1111128,19,16.714,8530,0,0,98711.023,1.688,1.485,757.793,0,0,0,0,0,0,0,0,0,0,0,0,0,0,0,0,0,0,0,0,0,0,0,0,0,0,0,0,0,0,0,0,0,0,11256372,110.408,43.1,14.738,9.719,0,0,190.968,8.27,17.1,53.3,85.198,5.2,78.8,0.783
BLR,Europe,Belarus,24/9/2022,24,9,2022,994037,0,0,7118,0,0,103781.537,0,0,743.148,0,0,0,0,0,0,0,0,0,0,0,0,0,0,0,0,0,0,0,0,0,0,0,0,0,0,0,0,0,0,0,0,0,0,9578168,46.858,40.3,14.799,9.788,17167.967,0,443.129,5.18,10.5,46.1,0,11,74.79,0.823
CPV,Africa,Cape Verde,24/9/2022,24,9,2022,62359,1,1,410,0,0,106066.25,1.701,1.701,697.368,0,0,0,0,0,0,0,0,0,0,0,0,0,0,0,0,0,0,0,0,0,0,0,0,0,0,0,0,0,0,0,0,0,0,587925,135.58,25.7,4.46,3.437,6222.554,0,182.219,2.42,2.1,16.5,0,2.1,72.98,0.665
PRY,South America,Paraguay,24/9/2022,24,9,2022,716059,0,7.143,19583,0,0,106813.913,0,1.065,2921.179,0,0,0,0,0,0,0,0,0,0,0,0,0,0,0,0,0,0,0,0,0,0,0,0,0,0,0,0,0,0,0,0,0,0,6703799,17.144,26.5,6.378,3.833,8827.01,1.7,199.128,8.27,5,21.6,79.602,1.3,74.25,0.728
ARE,Asia,United Arab Emirates,24/9/2022,24,9,2022,1025213,368,382.143,2343,1,0.143,109471.141,39.295,40.805,250.183,0.107,0.015,0,0,0,0,0,0,0,0,0,0,0,0,0,0,0,0,0,0,0,0,0,0,0,0,0,0,0,0,0,0,0,0,9365144,112.442,34,1.144,0.526,67293.483,0,317.84,17.26,1.2,37.4,0,1.2,77.97,0.89
CAN,North America,Canada,24/9/2022,24,9,2022,4263179,733,2651,45233,15,32.857,111733.132,19.211,69.48,1185.506,0.393,0.861,0,0,0,0,0,0,0,0,0,0,0,0,0,0,0,0,0,0,0,0,0,0,0,0,0,0,0,0,0,0,0,0,38155012,4.037,41.4,16.984,10.797,44017.591,0.5,105.599,7.37,12,16.6,0,2.5,82.43,0.929
ALB,Europe,Albania,24/9/2022,24,9,2022,331953,45,59,3589,0,0.429,116282.565,15.763,20.668,1257.221,0,0.15,0,0,0,0,0,0,0,0,0,0,0,0,0,0,0,0,0,0,0,0,0,0,0,0,0,0,0,0,0,0,0,0,2854710,104.871,38,13.188,8.643,11803.431,1.1,304.195,10.08,7.1,51.2,0,2.89,78.57,0.795
VNM,Asia,Vietnam,24/9/2022,24,9,2022,11471340,1176,2111.714,43146,0,1.143,117693.363,12.065,21.666,442.668,0,0.012,0,0,0,0,0,0,0,0,0,0,0,0,0,0,0,0,0,0,0,0,0,0,0,0,0,0,0,0,0,0,0,0,97468028,308.127,32.6,7.15,4.718,6171.884,2,245.465,6,1,45.9,85.847,2.6,75.4,0.704
TTO,North America,Trinidad and Tobago,24/9/2022,24,9,2022,182597,0,0,4195,0,0.857,119683.705,0,0,2749.624,0,0.562,0,0,0,0,0,0,0,0,0,0,0,0,0,0,0,0,0,0,0,0,0,0,0,0,0,0,0,0,0,0,0,0,1525663,266.886,36.2,10.014,5.819,28763.071,0,228.467,10.97,0,0,89.443,3,73.51,0.796
BIH,Europe,Bosnia and Herzegovina,24/9/2022,24,9,2022,398221,0,0,16119,0,1.571,121745.014,0,0,4927.937,0,0.48,0,0,0,0,0,0,0,0,0,0,0,0,0,0,0,0,0,0,0,0,0,0,0,0,0,0,0,0,0,0,0,0,3270943,68.496,42.5,16.569,10.711,11713.895,0.2,329.635,10.08,30.2,47.7,97.164,3.5,77.4,0.78
COL,South America,Colombia,24/9/2022,24,9,2022,6306552,0,0,141769,0,0,122417.952,0,0,2751.911,0,0,0,0,0,0,0,0,0,0,0,0,0,0,0,0,0,0,0,0,0,0,0,0,0,0,0,0,0,0,0,0,0,0,51516562,44.223,32.2,7.646,4.312,13254.949,4.5,124.24,7.44,4.7,13.5,65.386,1.71,77.29,0.767
PER,South America,Peru,24/9/2022,24,9,2022,4140874,745,1268.286,216473,27,26.571,122818.212,22.097,37.617,6420.583,0.801,0.788,0,0,0,0,0,0,0,0,0,0,0,0,0,0,0,0,0,0,0,0,0,0,0,0,0,0,0,0,0,0,0,0,33715472,25.129,29.1,7.151,4.455,12236.706,3.5,85.755,5.95,4.8,0,0,1.6,76.74,0.777
UKR,Europe,Ukraine,24/9/2022,24,9,2022,5431736,528,5710.571,116867,1,14.571,124777.362,12.129,131.183,2684.658,0.023,0.335,0,0,0,0,0,0,0,0,0,0,0,0,0,0,0,0,0,0,0,0,0,0,0,0,0,0,0,0,0,0,0,0,43531422,77.39,41.4,16.462,11.133,7894.393,0.1,539.849,7.11,13.5,47.4,0,8.8,72.06,0.779
BWA,Africa,Botswana,24/9/2022,24,9,2022,326127,0,0,2787,0,0,125994.476,0,0,1076.717,0,0,0,0,0,0,0,0,0,0,0,0,0,0,0,0,0,0,0,0,0,0,0,0,0,0,0,0,0,0,0,0,0,0,2588423,4.044,25.8,3.941,2.242,15807.374,0,237.372,4.81,5.7,34.4,0,1.8,69.59,0.735
SUR,South America,Suriname,24/9/2022,24,9,2022,81099,0,3,1385,0,0.143,132301.985,0,4.894,2259.439,0,0.233,0,0,0,0,0,0,0,0,0,0,0,0,0,0,0,0,0,0,0,0,0,0,0,0,0,0,0,0,0,0,0,0,612984,3.612,29.6,6.933,4.229,13767.119,0,258.314,12.54,7.4,42.9,67.779,3.1,71.68,0.738
PSE,Asia,Palestine,24/9/2022,24,9,2022,702768,0,0,5707,0,0,136901.293,0,0,1111.741,0,0,0,0,0,0,0,0,0,0,0,0,0,0,0,0,0,0,0,0,0,0,0,0,0,0,0,0,0,0,0,0,0,0,5133392,778.202,20.4,3.043,1.726,4449.898,1,265.91,10.59,0,0,0,0,74.05,0.708
KNA,North America,Saint Kitts and Nevis,24/9/2022,24,9,2022,6543,0,0.286,46,0,0,137440.659,0,6.002,966.265,0,0,0,0,0,0,0,0,0,0,0,0,0,0,0,0,0,0,0,0,0,0,0,0,0,0,0,0,0,0,0,0,0,0,47606,212.865,0,0,0,24654.385,0,0,12.84,0,0,0,2.3,76.23,0.779
RUS,Europe,Russia,24/9/2022,24,9,2022,20447507,50741,51504,378840,110,100.857,140917.428,349.69,354.948,2610.839,0.758,0.695,0,0,0,0,0,0,0,24420,168.295,0,0,0,0,0,0,0,0,0,0,0,0,0,0,0,0,0,0,0,0,0,0,0,145102755,8.823,39.6,14.178,9.393,24765.954,0.1,431.297,6.18,23.4,58.3,0,8.05,72.58,0.824
TCA,North America,Turks and Caicos Islands,24/9/2022,24,9,2022,6380,0,0,36,0,0,141419.515,0,0,797.978,0,0,0,0,0,0,0,0,0,0,0,0,0,0,0,0,0,0,0,0,0,0,0,0,0,0,0,0,0,0,0,0,0,0,45114,37.312,0,0,0,0,0,0,0,0,0,0,0,80.22,0
MYS,Asia,Malaysia,24/9/2022,24,9,2022,4830214,1924,1851.857,36348,3,5.714,143868.235,57.306,55.158,1082.628,0.089,0.17,0,51,1.519,803,23.917,0,0,1573,46.852,0,0,0,0,0,0,0,0,0,72122596,28100697,27506906,16732784,2259,2311,214.82,83.7,81.93,49.84,69,193,0.001,0,33573874,96.254,29.9,6.293,3.407,26808.164,0.1,260.942,16.74,1,42.4,0,1.9,76.16,0.81
OWID_SAM,,South America,24/9/2022,24,9,2022,63888102,5269,15880.857,1328548,59,149.714,147222.307,12.142,36.595,3061.476,0.136,0.345,0,0,0,0,0,0,0,0,0,0,0,0,0,0,0,0,0,0,924894564,371199231,333959081,232127768,0,0,213.13,85.54,76.96,53.49,0,0,0,0,433956670,0,0,0,0,0,0,0,0,0,0,0,0,0,0
TON,Oceania,Tonga,24/9/2022,24,9,2022,16182,0,0,12,0,0,152635.898,0,0,113.189,0,0,0,0,0,0,0,0,0,0,0,0,0,0,0,0,0,0,0,0,0,0,0,0,0,0,0,0,0,0,0,0,0,0,106017,150.028,22.3,5.82,4.032,5425.621,0,227.49,15.42,11.8,44.4,0,2.6,70.91,0.725
OWID_KOS,Europe,Kosovo,24/9/2022,24,9,2022,272043,3,7.429,3199,0,0,152651.765,1.683,4.168,1795.058,0,0,0,0,0,0,0,0,0,0,0,0,0,0,0,0,0,0,0,0,1836082,906267,824668,105147,2,16,103.03,50.85,46.27,5.9,9,6,0,0,1782115,168.155,0,0,0,9795.834,0.6,0,0,0,0,0,0,0,0
KWT,Asia,Kuwait,24/9/2022,24,9,2022,658520,0,0,2563,0,0,154941.726,0,0,603.043,0,0,0,0,0,0,0,0,0,0,0,0,0,0,0,0,0,0,0,0,0,0,0,0,0,0,0,0,0,0,0,0,0,0,4250114,232.128,33.7,2.345,1.114,65530.537,0,132.235,15.84,2.7,37,0,2,75.49,0.806
JOR,Asia,Jordan,24/9/2022,24,9,2022,1745032,0,0,14116,0,0.286,156529.286,0,0,1266.205,0,0.026,0,0,0,0,0,0,0,0,0,0,0,0,0,0,0,0,0,0,0,0,0,0,0,0,0,0,0,0,0,0,0,0,11148278,109.285,23.2,3.81,2.361,8337.49,0.1,208.257,11.75,0,0,0,1.4,74.53,0.729
GRD,North America,Grenada,24/9/2022,24,9,2022,19536,20,9,237,1,0.143,156777.145,160.501,72.225,1901.934,8.025,1.146,0,0,0,0,0,0,0,0,0,0,0,0,0,0,0,0,0,0,0,0,0,0,0,0,0,0,0,0,0,0,0,0,124610,317.132,29.4,7.304,5.021,13593.877,0,243.964,10.71,0,0,0,3.7,72.4,0.779
ARM,Asia,Armenia,24/9/2022,24,9,2022,441444,0,0,8679,0,0,158168.439,0,0,3109.667,0,0,0,0,0,0,0,0,0,0,0,0,0,0,0,0,0,0,0,0,0,0,0,0,0,0,0,0,0,0,0,0,0,0,2790974,102.931,35.7,11.232,7.571,8787.58,1.8,341.01,7.11,1.5,52.1,94.043,4.2,75.09,0.776
LCA,North America,Saint Lucia,24/9/2022,24,9,2022,28959,0,0,393,0,0,161194.977,0,0,2187.563,0,0,0,0,0,0,0,0,0,0,0,0,0,0,0,0,0,0,0,0,0,0,0,0,0,0,0,0,0,0,0,0,0,0,179652,293.187,34.9,9.721,6.405,12951.839,0,204.62,11.62,0,0,87.202,1.3,76.2,0.759
BRA,South America,Brazil,24/9/2022,24,9,2022,34624427,0,0,685750,0,0,161550.12,0,0,3199.562,0,0,0,0,0,0,0,0,0,0,0,0,0,0,0,0,0,0,0,0,472338682,186866076,172212074,118694643,67653,74323,220.38,87.19,80.35,55.38,347,12417,0.006,0,214326223,25.04,33.5,8.552,5.06,14103.452,3.4,177.961,8.11,10.1,17.9,0,2.2,75.88,0.765
MKD,Europe,North Macedonia,24/9/2022,24,9,2022,342519,0,63.429,9527,0,0.857,162846.058,0,30.156,4529.484,0,0.408,0,0,0,0,0,0,0,0,0,0,0,0,0,0,0,0,0,0,0,0,0,0,0,0,0,0,0,0,0,0,0,0,2103330,82.6,39.1,13.26,8.16,13111.214,5,322.688,10.08,0,0,0,4.28,75.8,0.774
POL,Europe,Poland,24/9/2022,24,9,2022,6272576,4527,4085.857,117456,25,15,163741.8,118.175,106.659,3066.118,0.653,0.392,0,0,0,0,0,0,0,0,0,0,0,0,0,0,0,0,0,0,0,0,0,0,0,0,0,0,0,0,0,0,0,0,38307726,124.027,41.8,16.763,10.202,27216.445,0,227.331,5.91,23.3,33.1,0,6.62,78.73,0.88
QAT,Asia,Qatar,24/9/2022,24,9,2022,446277,528,813.857,682,0,0,166011.156,196.411,302.748,253.698,0,0,0,0,0,0,0,0,0,0,0,0,0,0,0,0,0,0,0,0,0,0,0,0,0,0,0,0,0,0,0,0,0,0,2688235,227.322,31.9,1.307,0.617,116935.6,0,176.69,16.52,0.8,26.9,0,1.2,80.23,0.848
JPN,Asia,Japan,24/9/2022,24,9,2022,21013547,39191,54848.714,44352,68,94.143,168631.092,314.503,440.154,355.919,0.546,0.755,0,0,0,0,0,0,0,0,0,0,0,0,0,0,0,0,0,0,0,0,0,0,0,0,0,0,0,0,0,0,0,0,124612530,347.778,48.2,27.049,18.493,39002.223,0,79.37,5.72,11.2,33.7,0,13.05,84.63,0.919
ROU,Europe,Romania,24/9/2022,24,9,2022,3261614,1059,1321.571,66972,4,8.571,168745.835,54.789,68.374,3464.924,0.207,0.443,0,0,0,0,0,0,0,0,0,0,0,0,0,0,0,0,0,0,0,0,0,0,0,0,0,0,0,0,0,0,0,0,19328560,85.129,43,17.85,11.69,23313.199,5.7,370.946,9.74,22.9,37.1,0,6.892,76.05,0.828
BLZ,North America,Belize,24/9/2022,24,9,2022,68784,0,11.429,683,0,0.429,171946.674,0,28.569,1707.368,0,1.071,0,0,0,0,0,0,0,0,0,0,0,0,0,0,0,0,0,0,0,0,0,0,0,0,0,0,0,0,0,0,0,0,400031,16.426,25,3.853,2.279,7824.362,0,176.957,17.11,0,0,90.083,1.3,74.62,0.716
BGR,Europe,Bulgaria,24/9/2022,24,9,2022,1254951,269,488.857,37697,0,3,182250.226,39.066,70.994,5474.546,0,0.436,0,0,0,0,0,0,0,0,0,0,0,0,0,0,0,0,0,0,4541943,0,2071434,0,98,819,65.96,0,30.08,0,119,0,0,0,6885868,65.18,44.7,20.801,13.272,18563.307,1.5,424.688,5.81,30.1,44.4,0,7.454,75.05,0.816
OWID_NAM,,North America,24/9/2022,24,9,2022,113903389,12232,64051.571,1509557,90,477,191012.028,20.513,107.412,2531.475,0.151,0.8,0,0,0,0,0,0,0,0,0,0,0,0,0,0,0,0,0,0,1058334656,449141176,385328836,240181215,0,0,177.48,75.32,64.62,40.28,0,0,0,0,596315269,0,0,0,0,0,0,0,0,0,0,0,0,0,0
MDA,Europe,Moldova,24/9/2022,24,9,2022,587023,0,548.571,11821,0,0,191743.214,0,179.184,3861.172,0,0,0,0,0,0,0,0,0,0,0,0,0,0,0,0,0,0,0,0,0,0,0,0,0,0,0,0,0,0,0,0,0,0,3061506,123.655,37.6,10.864,6.955,5189.972,0.2,408.502,5.72,5.9,44.6,86.979,5.8,71.9,0.75
TUR,Asia,Turkey,24/9/2022,24,9,2022,16873793,21411,3058.714,101139,71,10.143,199041.139,252.561,36.08,1193.023,0.838,0.12,0,0,0,0,0,0,0,0,0,0,0,0,0,0,0,0,0,0,152262747,57926134,53159603,41177010,2847,7932,179.61,68.33,62.71,48.57,94,365,0,0,84775404,104.914,31.6,8.153,5.061,25129.341,0.2,171.285,12.13,14.1,41.1,0,2.81,77.69,0.82
MUS,Africa,Mauritius,24/9/2022,24,9,2022,260947,0,0,1024,0,0,200896.133,0,0,788.35,0,0,0,0,0,0,0,0,0,0,0,0,0,0,0,0,0,0,0,0,0,0,0,0,0,0,0,0,0,0,0,0,0,0,1298915,622.962,37.4,10.945,5.884,20292.745,0.5,224.644,22.02,3.2,40.7,0,3.4,74.99,0.804
DMA,North America,Dominica,24/9/2022,24,9,2022,14852,0,0,68,0,0,205104.126,0,0,939.071,0,0,0,0,0,0,0,0,0,0,0,0,0,0,0,0,0,0,0,0,0,0,0,0,0,0,0,0,0,0,0,0,0,0,72412,98.567,0,0,0,9673.367,0,227.376,11.62,0,0,0,3.8,75,0.742
GRL,North America,Greenland,24/9/2022,24,9,2022,11971,0,0,21,0,0,212844.265,0,0,373.38,0,0,0,0,0,0,0,0,0,0,0,0,0,0,0,0,0,0,0,0,0,0,0,0,0,0,0,0,0,0,0,0,0,0,56243,0.137,0,0,0,0,0,199.941,2.16,0,0,0,0,71.7,0
ARG,South America,Argentina,24/9/2022,24,9,2022,9703938,0,0,129855,0,0,214324.826,0,0,2868.026,0,0,0,0,0,0,0,0,0,0,0,0,0,0,0,0,0,0,0,0,109470547,41304138,37793003,30694735,1,13964,241.78,91.23,83.47,67.79,308,872,0.002,0,45276780,16.177,31.9,11.198,7.441,18933.907,0.6,191.032,5.5,16.2,27.7,0,5,76.67,0.845
HUN,Europe,Hungary,24/9/2022,24,9,2022,2082750,0,0,47457,0,0,214500.093,0,0,4887.543,0,0,0,0,0,0,0,0,0,0,0,0,0,0,0,0,0,0,0,0,0,0,0,0,0,0,0,0,0,0,0,0,0,0,9709786,108.043,43.4,18.577,11.976,26777.561,0.5,278.296,7.55,26.8,34.8,0,7.02,76.88,0.854
CRI,North America,Costa Rica,24/9/2022,24,9,2022,1111969,0,0,8933,0,0,215750.539,0,0,1733.231,0,0,0,0,0,0,0,0,0,0,0,0,0,0,0,0,0,0,0,0,0,0,0,0,0,0,0,0,0,0,0,0,0,0,5153957,96.079,33.6,9.468,5.694,15524.995,1.3,137.973,8.78,6.4,17.4,83.841,1.13,80.28,0.81
LBN,Asia,Lebanon,24/9/2022,24,9,2022,1214892,331,160.429,10670,4,1.857,217230.853,59.185,28.686,1907.868,0.715,0.332,0,0,0,0,0,0,0,0,0,0,0,0,0,0,0,0,0,0,0,0,0,0,0,0,0,0,0,0,0,0,0,0,5592631,594.561,31.1,8.514,5.43,13367.565,0,266.591,12.71,26.9,40.7,0,2.9,78.93,0.744
MLT,Europe,Malta,24/9/2022,24,9,2022,114550,16,22.571,804,0,0.143,217466.417,30.375,42.851,1526.347,0,0.271,0,0,0,0,0,0,0,0,0,0,0,0,0,0,0,0,0,0,0,0,0,0,0,0,0,0,0,0,0,0,0,0,526748,1454.037,42.4,19.426,11.324,36513.323,0.2,168.711,8.83,20.9,30.2,0,4.485,82.53,0.895
PAN,North America,Panama,24/9/2022,24,9,2022,985814,0,0,8490,0,0.429,226557.92,0,0,1951.156,0,0.098,0,0,0,0,0,0,0,0,0,0,0,0,0,0,0,0,0,0,0,0,0,0,0,0,0,0,0,0,0,0,0,0,4351267,55.133,29.7,7.918,5.03,22267.037,2.2,128.346,8.33,2.4,9.9,0,2.3,78.51,0.815
HKG,Asia,Hong Kong,24/9/2022,24,9,2022,1741603,5190,5918.571,10106,7,34,232381.73,692.501,789.714,1348.441,0.934,4.537,0,0,0,0,0,0,0,0,0,0,0,0,0,0,0,0,0,0,0,0,0,0,0,0,0,0,0,0,0,0,0,0,7494578,7039.714,44.8,16.303,10.158,56054.92,0,0,8.33,0,0,0,0,84.86,0.949
FIN,Europe,Finland,24/9/2022,24,9,2022,1287044,0,0,5928,0,0,232486.608,0,0,1070.811,0,0,0,0,0,0,0,0,0,0,0,0,0,0,0,0,0,0,0,0,0,0,0,0,0,0,0,0,0,0,0,0,0,0,5535992,18.136,42.8,21.228,13.264,40585.721,0,153.507,5.76,18.3,22.6,0,3.28,81.91,0.938
VGB,North America,British Virgin Islands,24/9/2022,24,9,2022,7305,0,0,64,0,0,234721.419,0,0,2056.423,0,0,0,0,0,0,0,0,0,0,0,0,0,0,0,0,0,0,0,0,0,0,0,0,0,0,0,0,0,0,0,0,0,0,31122,207.973,0,0,0,0,0,0,13.67,0,0,0,0,79.07,0
CHL,South America,Chile,24/9/2022,24,9,2022,4603514,4335,5002.714,61046,29,32,236160.188,222.385,256.639,3131.659,1.488,1.642,0,131,6.72,0,0,0,0,0,0,0,0,0,0,0,0,0,0,0,0,0,0,0,0,0,0,0,0,0,0,0,0,0,19493184,24.282,35.4,11.087,6.938,22767.037,1.3,127.993,8.46,34.2,41.5,0,2.11,80.18,0.851
CUW,North America,Curacao,24/9/2022,24,9,2022,45357,0,1.714,287,0,0,238297.135,0,9.007,1507.844,0,0,0,0,0,0,0,0,0,0,0,0,0,0,0,0,0,0,0,0,0,0,0,0,0,0,0,0,0,0,0,0,0,0,190338,362.644,41.7,16.367,10.068,0,0,0,11.62,0,0,0,0,78.88,0
AIA,North America,Anguilla,24/9/2022,24,9,2022,3858,0,0.286,12,0,0,244905.732,0,18.137,761.76,0,0,0,0,0,0,0,0,0,0,0,0,0,0,0,0,0,0,0,0,0,0,0,0,0,0,0,0,0,0,0,0,0,0,15753,0,0,0,0,0,0,0,0,0,0,0,0,81.88,0
SWE,Europe,Sweden,24/9/2022,24,9,2022,2583370,0,0,20178,0,0,246808.642,0,0,1927.755,0,0,0,0,0,0,0,0,0,0,0,0,0,0,0,0,0,0,0,0,0,0,0,0,0,0,0,0,0,0,0,0,0,0,10467097,24.718,41,19.985,13.433,46949.283,0.5,133.982,4.79,18.8,18.9,0,2.22,82.8,0.945
PYF,Oceania,French Polynesia,24/9/2022,24,9,2022,76588,0,1.429,649,0,0,251907.694,0,4.699,2134.644,0,0,0,0,0,0,0,0,0,0,0,0,0,0,0,0,0,0,0,0,0,0,0,0,0,0,0,0,0,0,0,0,0,0,304032,77.324,32.7,7.775,4.593,0,0,0,22.63,0,0,0,0,77.66,0
NCL,Oceania,New Caledonia,24/9/2022,24,9,2022,74275,0,7.571,314,0,0,258078.527,0,26.308,1091.035,0,0,0,0,0,0,0,0,0,0,0,0,0,0,0,0,0,0,0,0,0,0,0,0,0,0,0,0,0,0,0,0,0,0,287800,15.342,33.4,9.954,6.489,0,0,0,23.36,0,0,0,0,77.55,0
TWN,Asia,Taiwan,24/9/2022,24,9,2022,6211093,38324,40023.714,10794,51,40.714,260315,1606.209,1677.446,452.391,2.137,1.706,0,0,0,0,0,0,0,0,0,0,0,0,0,0,0,0,0,0,0,0,0,0,0,0,0,0,0,0,0,0,0,0,23859912,0,42.2,0,8.353,0,0,103.957,0,0,0,0,0,80.46,0
NOR,Europe,Norway,24/9/2022,24,9,2022,1461913,29,60.714,4065,0,0,270573.259,5.367,11.237,752.357,0,0,0,0,0,0,0,0,0,0,0,0,0,0,0,0,0,0,0,0,0,0,0,0,0,0,0,0,0,0,0,0,0,0,5403021,14.462,39.7,16.821,10.813,64800.057,0.2,114.316,5.31,19.6,20.7,0,3.6,82.4,0.957
OWID_OCE,,Oceania,24/9/2022,24,9,2022,12347174,15,7305.714,19686,0,25.286,277515.897,0.337,164.204,442.464,0,0.568,0,0,0,0,0,0,0,0,0,0,0,0,0,0,0,0,0,0,0,0,0,0,0,0,0,0,0,0,0,0,0,0,44491772,0,0,0,0,0,0,0,0,0,0,0,0,0,0
ESP,Europe,Spain,24/9/2022,24,9,2022,13403502,0,0,114009,0,0,282256.625,0,0,2400.85,0,0,0,0,0,0,0,0,0,0,0,0,0,0,0,0,0,0,0,0,0,0,0,0,0,0,0,0,0,0,0,0,0,0,47486935,93.105,45.5,19.436,13.799,34272.36,1,99.403,7.17,27.4,31.4,0,2.97,83.56,0.904
BMU,North America,Bermuda,24/9/2022,24,9,2022,18122,0,6.429,148,0,0,282340.111,0,100.157,2305.835,0,0,0,0,0,0,0,0,0,0,0,0,0,0,0,0,0,0,0,0,0,0,0,0,0,0,0,0,0,0,0,0,0,0,64185,1308.82,0,0,0,50669.315,0,139.547,13,0,0,0,0,82.59,0
USA,North America,United States of America,24/9/2022,24,9,2022,96065161,9086,57197,1056409,37,408.429,285061.835,26.962,169.725,3134.767,0.11,1.212,0,0,0,0,0,0,0,0,0,0,0,0,0,0,0,0,0,0,0,0,0,0,0,0,0,0,0,0,0,0,0,0,336997624,35.608,38.3,15.413,9.732,54225.446,1.2,151.089,10.79,19.1,24.6,0,2.77,78.86,0.926
URY,South America,Uruguay,24/9/2022,24,9,2022,984152,0,0,7473,0,0,287237.98,0,0,2181.095,0,0,0,0,0,0,0,0,0,0,0,0,0,0,0,0,0,0,0,0,8737172,3001263,2893198,2842711,7,283,255.01,87.6,84.44,82.97,83,21,0.001,0,3426260,19.751,35.6,14.655,10.361,20551.409,0.1,160.708,6.93,14,19.9,0,2.8,77.91,0.817
MNG,Asia,Mongolia,24/9/2022,24,9,2022,982551,0,84,2131,0,0.143,293493.125,0,25.091,636.541,0,0.043,0,0,0,0,0,0,0,0,0,0,0,0,0,0,0,0,0,0,0,0,0,0,0,0,0,0,0,0,0,0,0,0,3347782,1.98,28.6,4.031,2.421,11840.846,0.5,460.043,4.82,5.5,46.5,71.18,7,69.87,0.737
HRV,Europe,Croatia,24/9/2022,24,9,2022,1228574,722,601.143,16875,8,5.429,302594.372,177.827,148.06,4156.266,1.97,1.337,0,0,0,0,0,0,0,0,0,0,0,0,0,0,0,0,0,0,0,0,0,0,0,0,0,0,0,0,0,0,0,0,4060135,73.726,44,19.724,13.053,22669.797,0.7,253.782,5.59,34.3,39.9,0,5.54,78.49,0.851
PLW,Oceania,Palau,24/9/2022,24,9,2022,5460,15,2.143,6,0,0,302929.427,832.224,118.889,332.889,0,0,0,0,0,0,0,0,0,0,0,0,0,0,0,0,0,0,0,0,0,0,0,0,0,0,0,0,0,0,0,0,0,0,18024,47.237,0,0,0,13240.405,0,0,15.89,7.7,22.7,0,4.8,73.7,0.826
MSR,North America,Montserrat,24/9/2022,24,9,2022,1392,11,9.429,8,0,0,315146.027,2490.378,2134.61,1811.184,0,0,0,0,0,0,0,0,0,0,0,0,0,0,0,0,0,0,0,0,0,0,0,0,0,0,0,0,0,0,0,0,0,0,4417,0,0,0,0,0,0,0,0,0,0,0,0,74.16,0
IRL,Europe,Ireland,24/9/2022,24,9,2022,1662008,0,0,7922,0,0,333299.776,0,0,1588.681,0,0,0,0,0,0,0,0,0,0,0,0,0,0,0,0,0,0,0,0,0,0,0,0,0,0,0,0,0,0,0,0,0,0,4986526,69.874,38.7,13.928,8.678,67335.293,0.2,126.459,3.28,23,25.7,0,2.96,82.3,0.955
SRB,Europe,Serbia,24/9/2022,24,9,2022,2347506,1841,2142.429,16940,9,9.429,341627.002,267.916,311.783,2465.238,1.31,1.372,0,29,4.22,448,65.196,0,0,0,0,0,0,0,0,0,0,0,0,0,0,0,0,0,0,0,0,0,0,0,0,0,0,0,6871547,80.291,41.2,17.366,0,14048.881,0,439.415,10.08,37.7,40.2,97.719,5.609,76,0.806
NZL,Oceania,New Zealand,24/9/2022,24,9,2022,1769774,0,1081.429,1972,0,0,345003.478,0,210.816,384.426,0,0,0,0,0,0,0,0,0,0,0,0,0,0,0,0,0,0,0,0,0,0,0,0,0,0,0,0,0,0,0,0,0,0,5129728,18.206,37.9,15.322,9.72,36085.843,0,128.797,8.08,14.8,17.2,0,2.61,82.29,0.931
SGP,Asia,Singapore,24/9/2022,24,9,2022,1889544,2342,2256.714,1610,1,0.429,346476.456,429.441,413.803,295.218,0.183,0.079,0,0,0,0,0,0,0,0,0,0,0,0,0,0,0,0,0,0,0,0,0,0,0,0,0,0,0,0,0,0,0,0,5453600,7915.731,42.4,12.922,7.049,85535.383,0,92.243,10.99,5.2,28.3,0,2.4,83.62,0.938
GBR,Europe,United Kingdom,24/9/2022,24,9,2022,23621956,0,0,206532,0,0,351093.8,0,0,3069.691,0,0,0,0,0,0,0,0,0,0,0,0,0,0,0,0,0,0,0,0,0,0,0,0,0,0,0,0,0,0,0,0,0,0,67281040,272.898,40.8,18.517,12.527,39753.244,0.2,122.137,4.28,20,24.7,0,2.54,81.32,0.932
MDV,Asia,Maldives,24/9/2022,24,9,2022,185004,0,5.429,308,0,0,354782.168,0,10.41,590.652,0,0,0,0,0,0,0,0,0,0,0,0,0,0,0,0,0,0,0,0,0,0,0,0,0,0,0,0,0,0,0,0,0,0,521458,1454.433,30.6,4.12,2.875,15183.616,0,164.905,9.19,2.1,55,95.803,0,78.92,0.74
MHL,Oceania,Marshall Islands,24/9/2022,24,9,2022,15224,0,1.571,17,0,0,362045.184,0,37.37,404.281,0,0,0,0,0,0,0,0,0,0,0,0,0,0,0,0,0,0,0,0,0,0,0,0,0,0,0,0,0,0,0,0,0,0,42050,295.15,0,0,0,3819.202,0,557.793,30.53,0,0,82.502,2.7,73.7,0.704
BRB,North America,Barbados,24/9/2022,24,9,2022,102383,0,37.714,559,0,0,364093.172,0,134.119,1987.909,0,0,0,0,0,0,0,0,0,0,0,0,0,0,0,0,0,0,0,0,0,0,0,0,0,0,0,0,0,0,0,0,0,0,281200,664.463,39.8,14.952,9.473,16978.068,0,170.05,13.57,1.9,14.5,88.469,5.8,79.19,0.814
NRU,Oceania,Nauru,24/9/2022,24,9,2022,4611,0,0,1,0,0,368526.215,0,0,79.923,0,0,0,0,0,0,0,0,0,0,0,0,0,0,0,0,0,0,0,0,0,0,0,0,0,0,0,0,0,0,0,0,0,0,12512,682.45,0,0,0,12895.635,0,0,24.07,43,36.9,0,5,59.96,0
COK,Oceania,Cook Islands,24/9/2022,24,9,2022,6389,0,0,1,0,0,375757.219,0,0,58.813,0,0,0,0,0,0,0,0,0,0,0,0,0,0,0,0,0,0,0,0,0,0,0,0,0,0,0,0,0,0,0,0,0,0,17003,0,0,0,0,0,0,0,0,0,0,0,0,76.25,0
ITA,Europe,Italy,24/9/2022,24,9,2022,22284812,22360,19411,176867,43,45.857,376176.365,377.446,327.665,2985.584,0.726,0.774,0,126,2.127,3419,57.714,75,1.266,0,0,0,0,0,0,0,0,0,0,0,140645066,50836920,47965960,43350288,3297,10670,237.41,85.81,80.97,73.18,180,165,0,0,59240330,205.859,47.9,23.021,16.24,35220.084,2,113.151,4.78,19.8,27.8,0,3.18,83.51,0.892
CZE,Europe,Czechia,24/9/2022,24,9,2022,4090450,566,2354.714,41012,3,8.429,389168.233,53.85,224.029,3901.91,0.285,0.802,0,54,5.138,774,73.639,54,5.138,931,88.576,0,0,0,0,0,0,0,0,0,18042850,6974452,6889245,4590338,432,6911,171.66,66.36,65.54,43.67,658,59,0.001,0,10510750,137.176,43.3,19.027,11.58,32605.906,0,227.485,6.82,30.5,38.3,0,6.63,79.38,0.9
BEL,Europe,Belgium,24/9/2022,24,9,2022,4525931,0,0,32647,0,0,389782.731,0,0,2811.629,0,0,0,0,0,0,0,0,0,0,0,0,0,0,0,0,0,0,0,0,0,0,0,0,0,0,0,0,0,0,0,0,0,0,11611420,375.564,41.8,18.571,12.849,42658.576,0.2,114.898,4.29,25.1,31.4,0,5.64,81.63,0.931
AUS,Oceania,Australia,24/9/2022,24,9,2022,10201791,0,0,14925,0,23.714,393571.08,0,0,575.786,0,0.915,0,0,0,0,0,0,0,0,0,0,0,0,0,0,0,0,0,0,0,0,0,0,0,0,0,0,0,0,0,0,0,0,25921089,3.202,37.9,15.504,10.129,44648.71,0.5,107.791,5.07,13,16.5,0,3.84,83.44,0.944
DEU,Europe,Germany,24/9/2022,24,9,2022,32952050,0,0,149458,0,0,395067.993,0,0,1791.879,0,0,0,714,8.56,0,0,692,8.297,4153,49.791,0,0,0,0,0,0,0,0,0,0,0,0,0,0,0,0,0,0,0,0,0,0,0,83408554,237.016,46.6,21.453,15.957,45229.245,0,156.139,8.31,28.2,33.1,0,8,81.33,0.947
MCO,Europe,Monaco,24/9/2022,24,9,2022,14554,13,7.571,63,0,0,396718.094,354.359,206.385,1717.276,0,0,0,0,0,0,0,0,0,0,0,0,0,0,0,0,0,0,0,0,0,0,0,0,0,0,0,0,0,0,0,0,0,0,36686,19347.5,0,0,0,0,0,0,5.46,0,0,0,13.8,86.75,0
ABW,North America,Aruba,24/9/2022,24,9,2022,42970,0,0,228,0,0,403337.839,0,0,2140.122,0,0,0,0,0,0,0,0,0,0,0,0,0,0,0,0,0,0,0,0,0,0,0,0,0,0,0,0,0,0,0,0,0,0,106536,584.8,41.2,13.085,7.452,35973.781,0,0,11.62,0,0,0,0,76.29,0
BES,North America,Bonaire Sint Eustatius and Saba,24/9/2022,24,9,2022,11323,0,2.429,38,0,0,423987.119,0,90.937,1422.901,0,0,0,0,0,0,0,0,0,0,0,0,0,0,0,0,0,0,0,0,0,0,0,0,0,0,0,0,0,0,0,0,0,0,26706,0,0,0,0,0,0,0,0,0,0,0,0,77.79,0
SYC,Africa,Seychelles,24/9/2022,24,9,2022,46358,0,0,169,0,0,435409.035,0,0,1587.302,0,0,0,0,0,0,0,0,0,0,0,0,0,0,0,0,0,0,0,0,0,0,0,0,0,0,0,0,0,0,0,0,0,0,106470,208.354,36.2,8.606,5.586,26382.287,1.1,242.648,10.55,7.1,35.7,0,3.6,73.4,0.796
MNE,Europe,Montenegro,24/9/2022,24,9,2022,279281,147,147,2781,0,0.286,444814.839,234.129,234.129,4429.338,0,0.455,0,0,0,0,0,0,0,0,0,0,0,0,0,0,0,0,0,0,0,0,0,0,0,0,0,0,0,0,0,0,0,0,627859,46.28,39.1,14.762,9.395,16409.288,1,387.305,10.08,44,47.9,0,3.861,76.88,0.829
LTU,Europe,Lithuania,24/9/2022,24,9,2022,1243951,1221,1243.286,9313,0,1.286,446396.409,438.16,446.158,3342.004,0,0.461,0,0,0,0,0,0,0,0,0,0,0,0,0,0,0,0,0,0,4501000,1955155,1878659,939372,4,139,161.52,70.16,67.42,33.71,50,25,0.001,0,2786651,45.135,43.5,19.002,13.778,29524.265,0.7,342.989,3.67,21.3,38,0,6.56,75.93,0.882
CYM,North America,Cayman Islands,24/9/2022,24,9,2022,30545,0,0,31,0,0,448294.587,0,0,454.972,0,0,0,0,0,0,0,0,0,0,0,0,0,0,0,0,0,0,0,0,0,0,0,0,0,0,0,0,0,0,0,0,0,0,68136,256.496,0,0,0,49903.029,0,0,13.22,0,0,0,0,83.92,0
IMN,Europe,Isle of Man,24/9/2022,24,9,2022,38008,0,0,116,0,0,451063.931,0,0,1376.642,0,0,0,0,0,0,0,0,0,0,0,0,0,0,0,0,0,0,0,0,0,0,0,0,0,0,0,0,0,0,0,0,0,0,84263,147.872,0,0,0,0,0,0,0,0,0,0,0,81.4,0
EST,Europe,Estonia,24/9/2022,24,9,2022,600796,0,0,2667,0,0.857,452167.944,0,0,2007.224,0,0.645,0,0,0,0,0,0,0,0,0,0,0,0,0,0,0,0,0,0,0,0,0,0,0,0,0,0,0,0,0,0,0,0,1328701,31.033,42.7,19.452,13.491,29481.252,0.5,255.569,4.02,24.5,39.3,0,4.69,78.74,0.892
LUX,Europe,Luxembourg,24/9/2022,24,9,2022,289831,0,0,1127,0,0.143,453341.905,0,0,1762.808,0,0.223,0,0,0,0,0,0,0,0,0,0,0,0,0,0,0,0,0,0,0,0,0,0,0,0,0,0,0,0,0,0,0,0,639321,231.447,39.7,14.312,9.842,94277.965,0.2,128.275,4.42,20.9,26,0,4.51,82.25,0.916
BHR,Asia,Bahrain,24/9/2022,24,9,2022,678280,319,362.714,1520,0,0,463538.73,218.006,247.88,1038.773,0,0,0,0,0,0,0,0,0,0,0,0,0,0,0,0,0,0,0,0,3470319,1240525,1225955,1003839,84,115,237.16,84.78,83.78,68.6,79,11,0.001,0,1463265,1935.907,32.4,2.372,1.387,43290.705,0,151.689,16.52,5.8,37.6,0,2,77.29,0.852
GRC,Europe,Greece,24/9/2022,24,9,2022,4875215,0,0,33010,0,0,466734.767,0,0,3160.253,0,0,0,0,0,0,0,0,0,0,0,0,0,0,0,0,0,0,0,0,21400435,7927872,7637946,6412233,394,4465,204.88,75.9,73.12,61.39,427,86,0.001,0,10445365,83.479,45.3,20.396,14.524,24574.382,1.5,175.695,4.55,35.3,52,0,4.21,82.24,0.888
CHE,Europe,Switzerland,24/9/2022,24,9,2022,4087087,0,0,13998,0,0.857,470244.63,0,0,1610.556,0,0.099,0,0,0,0,0,0,0,0,0,0,0,0,0,0,0,0,0,0,0,0,0,0,0,0,0,0,0,0,0,0,0,0,8691406,214.243,43.1,18.436,12.644,57410.166,0,99.739,5.59,22.6,28.9,0,4.53,83.78,0.955
GEO,Asia,Georgia,24/9/2022,24,9,2022,1780691,0,0,16900,0,0,473842.596,0,0,4497.097,0,0,0,0,0,0,0,0,0,0,0,0,0,0,0,0,0,0,0,0,0,0,0,0,0,0,0,0,0,0,0,0,0,0,3757980,65.032,38.7,14.864,10.244,9745.079,4.2,496.218,7.11,5.3,55.5,0,2.6,73.77,0.812
KOR,Asia,South Korea,24/9/2022,24,9,2022,24620128,25792,32237.429,28213,73,55,475015.666,497.626,621.982,544.336,1.408,1.061,0,0,0,0,0,0,0,0,0,0,0,0,0,0,0,0,0,0,0,0,0,0,0,0,0,0,0,0,0,0,0,0,51830139,527.967,43.4,13.914,8.622,35938.374,0.2,85.998,6.8,6.2,40.9,0,12.27,83.03,0.916
SVK,Europe,Slovakia,24/9/2022,24,9,2022,2620636,731,694,20446,3,1.857,481060.543,134.187,127.395,3753.197,0.551,0.341,0,0,0,0,0,0,0,0,0,0,0,0,0,0,0,0,0,0,0,0,0,0,0,0,0,0,0,0,0,0,0,0,5447622,113.128,41.2,15.07,9.167,30155.152,0.7,287.959,7.29,23.1,37.7,0,5.82,77.54,0.86
NLD,Europe,Netherlands,24/9/2022,24,9,2022,8426196,0,0,22724,0,1.571,481450.255,0,0,1298.388,0,0.09,0,0,0,0,0,0,0,0,0,0,0,0,0,0,0,0,0,0,0,0,0,0,0,0,0,0,0,0,0,0,0,0,17501696,508.544,43.2,18.779,11.881,48472.545,0,109.361,5.29,24.4,27.3,0,3.32,82.28,0.944
LVA,Europe,Latvia,24/9/2022,24,9,2022,921974,0,0,5981,0,1.714,492003.123,0,0,3191.707,0,0.915,0,0,0,0,0,0,0,0,0,0,0,0,0,0,0,0,0,0,0,0,0,0,0,0,0,0,0,0,0,0,0,0,1873919,31.212,43.9,19.754,14.136,25063.846,0.7,350.06,4.91,25.6,51,0,5.57,75.29,0.866
LIE,Europe,Liechtenstein,24/9/2022,24,9,2022,19490,0,10.143,86,0,0,499244.345,0,259.813,2202.925,0,0,0,0,0,0,0,0,0,0,0,0,0,0,0,0,0,0,0,0,0,0,0,0,0,0,0,0,0,0,0,0,0,0,39039,237.012,0,0,0,0,0,0,7.77,0,0,0,2.397,82.49,0.919
ISR,Asia,Israel,24/9/2022,24,9,2022,4655355,0,0,11687,0,1.571,501060.704,0,0,1257.884,0,0.169,0,32,3.444,337,36.272,8,0.861,216,23.248,0,0,0,0,0,0,0,0,0,0,0,0,0,0,0,0,0,0,0,0,0,0,0,9291000,402.606,30.6,11.733,7.359,33132.32,0.5,93.32,6.74,15.4,35.4,0,2.99,82.97,0.919
FLK,South America,Falkland Is.,24/9/2022,24,9,2022,1886,0,0,0,0,0,501062.699,0,0,0,0,0,0,0,0,0,0,0,0,0,0,0,0,0,0,0,0,0,0,0,0,0,0,0,0,0,0,0,0,0,0,0,0,0,3764,0,0,0,0,0,0,0,0,0,0,0,0,81.44,0
BRN,Asia,Brunei,24/9/2022,24,9,2022,226237,0,0,225,0,0,507971.97,0,0,505.195,0,0,0,0,0,0,0,0,0,0,0,0,0,0,0,0,0,0,0,0,0,0,0,0,0,0,0,0,0,0,0,0,0,0,445373,81.347,32.4,4.591,2.382,71809.251,0,201.285,12.79,2,30.9,0,2.7,75.86,0.838
FRA,Europe,France,24/9/2022,24,9,2022,35149836,0,0,154956,0,0,521340.749,0,0,2298.3,0,0,0,0,0,0,0,0,0,0,0,0,0,0,0,0,0,0,0,0,0,0,0,0,0,0,0,0,0,0,0,0,0,0,67422000,122.578,42,19.718,13.079,38605.671,0,86.06,4.77,30.1,35.6,0,5.98,82.66,0.901
PRT,Europe,Portugal,24/9/2022,24,9,2022,5476059,0,0,24991,0,5.714,532167.559,0,0,2428.644,0,0.555,0,0,0,0,0,0,0,0,0,0,0,0,0,0,0,0,0,0,0,0,0,0,0,0,0,0,0,0,0,0,0,0,10290103,112.371,46.2,21.502,14.924,27936.896,0.5,127.842,9.85,16.3,30,0,3.39,82.05,0.864
SPM,North America,Saint Pierre and Miquelon,24/9/2022,24,9,2022,3188,0,3.143,1,0,0,541900.391,0,534.227,169.981,0,0,0,0,0,0,0,0,0,0,0,0,0,0,0,0,0,0,0,0,0,0,0,0,0,0,0,0,0,0,0,0,0,0,5883,0,0,0,0,0,0,0,0,0,0,0,0,81.07,0
SVN,Europe,Slovenia,24/9/2022,24,9,2022,1170202,2166,1985,6810,1,1,552135.736,1021.983,936.581,3213.158,0.472,0.472,0,0,0,0,0,0,0,0,0,0,0,0,0,0,0,0,0,0,0,0,0,0,0,0,0,0,0,0,0,0,0,0,2119410,102.619,44.5,19.062,12.93,31400.84,0,153.493,7.25,20.1,25,0,4.5,81.32,0.917
ISL,Europe,Iceland,24/9/2022,24,9,2022,205454,0,0,213,0,0,554778.781,0,0,575.155,0,0,0,0,0,0,0,0,0,0,0,0,0,0,0,0,0,0,0,0,0,0,0,0,0,0,0,0,0,0,0,0,0,0,370335,3.404,37.3,14.431,9.207,46482.958,0.2,117.992,5.31,14.3,15.2,0,2.91,82.99,0.949
DNK,Europe,Denmark,24/9/2022,24,9,2022,3291284,0,0,7026,0,4.714,562205.171,0,0,1200.156,0,0.805,0,0,0,0,0,0,0,0,0,0,0,0,0,0,0,0,0,0,0,0,0,0,0,0,0,0,0,0,0,0,0,0,5854240,136.52,42.3,19.677,12.325,46682.515,0.2,114.767,6.41,19.3,18.8,0,2.5,80.9,0.94
AUT,Europe,Austria,24/9/2022,24,9,2022,5066790,8599,7555.714,20712,5,6,567893.234,963.788,846.856,2321.431,0.56,0.672,0,61,6.837,1034,115.892,0,0,0,0,0,0,0,0,0,0,0,0,0,0,0,0,0,0,0,0,0,0,0,0,0,0,0,8922082,106.749,44.4,19.202,13.748,45436.686,0.7,145.183,6.35,28.4,30.9,0,7.37,81.54,0.922
AND,Europe,Andorra,24/9/2022,24,9,2022,46147,0,0,155,0,0,583887.947,0,0,1961.181,0,0,0,0,0,0,0,0,0,0,0,0,0,0,0,0,0,0,0,0,0,0,0,0,0,0,0,0,0,0,0,0,0,0,79034,163.755,0,0,0,0,0,109.135,7.97,29,37.8,0,0,83.73,0.868
SMR,Europe,San Marino,24/9/2022,24,9,2022,20646,0,13.429,118,0,0,611805.844,0,397.931,3496.711,0,0,0,0,0,0,0,0,0,0,0,0,0,0,0,0,0,0,0,0,0,0,0,0,0,0,0,0,0,0,0,0,0,0,33746,556.667,0,0,0,56861.47,0,0,5.64,0,0,0,3.8,84.97,0
GIB,Europe,Gibraltar,24/9/2022,24,9,2022,20092,0,3.286,108,0,0,614998.47,0,100.573,3305.785,0,0,0,0,0,0,0,0,0,0,0,0,0,0,0,0,0,0,0,0,0,0,0,0,0,0,0,0,0,0,0,0,0,0,32670,3457.1,0,0,0,0,0,0,0,0,0,0,0,79.93,0
CYP,Europe,Cyprus,24/9/2022,24,9,2022,585313,0,0,1180,0,0.286,653246.013,0,0,1316.954,0,0.319,0,0,0,0,0,0,0,0,0,0,0,0,0,0,0,0,0,0,0,0,0,0,0,0,0,0,0,0,0,0,0,0,896007,127.657,37.3,13.416,8.563,32415.132,0,141.171,9.24,19.6,52.7,0,3.4,80.98,0.887
FRO,Europe,Faeroe Islands,24/9/2022,24,9,2022,34658,0,0,28,0,0,655309.333,0,0,529.421,0,0,0,0,0,0,0,0,0,0,0,0,0,0,0,0,0,0,0,0,0,0,0,0,0,0,0,0,0,0,0,0,0,0,52888,35.308,0,0,0,0,0,0,0,0,0,0,0,80.67,0
